Home|الرئيسية
Book a court|احجز ملعباً
Store|المتجر
Our story|قصتنا
Contact|تواصل معنا
Language|اللغة
Cart|السلة
Let’s play|لنلعب
Meet you on court|نلتقي في الملعب
Good days start on court.|الأيام الجميلة تبدأ في الملعب.
Bring your people. Find your rhythm. Make the next game yours.|اجمع أصدقاءك، استمتع باللعب واجعل المباراة القادمة لك.
Find your court|اختر ملعبك
Discover Verda|اكتشف فيردا
A little competition. A lot of connection.|قليل من المنافسة، وكثير من التواصل.
The court is calling|الملعب يناديك
Court illustration|رسم توضيحي للملعب
More than a game|أكثر من مجرد لعبة
Made for connection|مكان يجمعنا
See you on court|نراك في الملعب
THE VERDA FEELING|روح فيردا
A court. Your people. Endless possibilities.|ملعب وأصدقاء ولحظات لا تنتهي.
For your first rally, your weekly match, and everything in between. Make space for a game you’ll want to come back to.|لأول تجربة أو لمباراتك الأسبوعية. خصص وقتاً للعبة تحب العودة إليها.
Get to know Verda|تعرّف على فيردا
YOUR NEXT MATCH|مباراتك القادمة
Make time for play.|خصص وقتاً للعب.
View availability|عرض الأوقات المتاحة
hour|ساعة
hours|ساعات
Pricing to be confirmed|الأسعار قيد التأكيد
Your next game is on its way.|مباراتك القادمة تقترب.
Court details and booking availability will appear here once confirmed.|ستظهر تفاصيل الملاعب والأوقات بعد تأكيدها.
Stay in touch|ابق على تواصل
Court discount|خصم الملعب
Applied automatically to eligible hours.|يطبق تلقائياً على الساعات المؤهلة.
THE ESSENTIALS|الأساسيات
Bring your best game.|جهّز نفسك لأفضل أداء.
Explore the store|تصفح المتجر
Our collection is being prepared.|نعمل على تجهيز مجموعتنا.
THE NEXT POINT IS YOURS|النقطة القادمة لك
Less scrolling. More playing.|تصفح أقل، ولعب أكثر.
Your next game starts here.|مباراتك القادمة تبدأ هنا.
On the court|في الملعب
Find us|موقعنا
Venue details coming soon.|تفاصيل المكان قريباً.
Stay connected|ابق على تواصل
Directions|الاتجاهات
Staff sign in|دخول الموظفين
Crafted by|من تصميم
Skip to content|انتقل إلى المحتوى
Menu|القائمة
MAKE YOUR NEXT MOVE|خطوتك القادمة
Your court. Your time.|ملعبك، وقتك.
Choose a court and send a booking request. Our team will confirm your game.|اختر ملعباً وأرسل طلب الحجز. سيؤكد فريقنا موعدك.
Court & time|الملعب والوقت
Your details|بياناتك
Request confirmation|تأكيد الطلب
Booking will open when venue details are confirmed.|يفتح الحجز بعد تأكيد تفاصيل المنشأة.
Find your session|اختر جلستك
Court|الملعب
Business date|يوم العمل
Duration|المدة
Show times|عرض الأوقات
Choose a start time|اختر وقت البدء
Available|متاح
Unavailable|غير متاح
Times after midnight belong to the selected business day and fall on the next calendar date.|الأوقات بعد منتصف الليل تتبع يوم العمل المختار وتقع في التاريخ التالي.
Who’s playing?|من سيلعب؟
Request this court|أرسل طلب الحجز
This is a booking request. Staff approval is required. No online payment is taken.|هذا طلب حجز يحتاج موافقة الموظفين. لا يتم تحصيل دفعة إلكترونية.
YOUR GAME PLAN|خطة لعبك
Booking summary|ملخص الحجز
Actual calendar date|التاريخ الفعلي
End time|وقت الانتهاء
Original price|السعر الأصلي
Discount|الخصم
Total|الإجمالي
All amounts in IQD. Final availability is checked when you submit.|جميع المبالغ بالدينار العراقي. يتم التحقق من التوفر عند الإرسال.
Full name|الاسم الكامل
Phone|الهاتف
Email|البريد الإلكتروني
Notes|ملاحظات
Note|ملاحظة
THE VERDA EDIT|مختارات فيردا
Made for your game.|لأجل لعبتك.
Discover the essentials for your next time on court.|اكتشف أساسيات مباراتك القادمة.
Search products|ابحث عن منتج
Category|الفئة
All categories|جميع الفئات
Apply filters|تطبيق التصفية
products|منتجات
Essentials|الأساسيات
Add to cart|أضف للسلة
Out of stock|نفد المخزون
In stock|متوفر
Back to store|العودة للمتجر
An essential for your next game.|من أساسيات مباراتك القادمة.
Quantity|الكمية
Order online. Payment is recorded separately by our team.|اطلب عبر الموقع. يسجل فريقنا الدفع بشكل منفصل.
ALMOST GAME TIME|اقترب وقت اللعب
Your bag.|سلتك.
Unavailable product|منتج غير متاح
This item is unavailable or has insufficient stock.|المنتج غير متاح أو الكمية غير كافية.
Update|تحديث
Remove|إزالة
Clear bag|تفريغ السلة
Order summary|ملخص الطلب
Subtotal|المجموع الفرعي
Delivery|التوصيل
Calculated at checkout|يحسب عند إتمام الطلب
Continue to checkout|متابعة إتمام الطلب
Continue shopping|متابعة التسوق
Your bag is waiting for its first essential.|سلتك بانتظار أول منتج.
ONE LAST STEP|خطوة أخيرة
Make it yours.|أكمل طلبك.
How will you receive your order?|كيف تستلم طلبك؟
Pick up at Verda|استلام من فيردا
Delivery area|منطقة التوصيل
Delivery address|عنوان التوصيل
Delivery details are only required for delivery and are removed for pickup.|بيانات التوصيل مطلوبة للتوصيل فقط وتحذف عند اختيار الاستلام.
Delivery fee|رسوم التوصيل
Place order|إرسال الطلب
No online payment is taken. Our team will confirm your order and payment arrangements.|لا يتم تحصيل دفعة إلكترونية. يؤكد فريقنا الطلب وطريقة الدفع.
REQUEST RECEIVED|استلمنا طلبك
You’re one step closer.|أصبحت أقرب للعب.
Your request has been saved. Staff confirmation is required. No online payment has been taken.|تم حفظ طلبك بانتظار موافقة الموظفين. لم يتم تحصيل دفعة إلكترونية.
Reference|المرجع
Status|الحالة
Actual start|البداية الفعلية
Actual end|النهاية الفعلية
Request cancellation|طلب إلغاء
Collection method|طريقة الاستلام
Keep this private link to return to your request.|احتفظ بهذا الرابط الخاص للعودة إلى طلبك.
Back to Verda|العودة إلى فيردا
Let’s connect.|لنبق على تواصل.
A shared love of the game.|يجمعنا حب اللعبة.
We’re preparing the details of the Verda experience. Check back for confirmed venue information.|نجهز تفاصيل تجربة فيردا. عد لاحقاً للاطلاع على المعلومات المؤكدة.
Visit Verda|زر فيردا
Get directions|الاتجاهات
Say hello|تواصل معنا
Contact details will be published once confirmed.|ننشر معلومات الاتصال بعد تأكيدها.
Opening hours|ساعات العمل
Opening hours to be confirmed.|ساعات العمل قيد التأكيد.
BEHIND THE GAME|خلف الكواليس
Great games start with a great team.|المباريات الرائعة تبدأ بفريق رائع.
TEAM VERDA|فريق فيردا
Welcome back.|مرحباً بعودتك.
Sign in to manage the day.|سجل الدخول لإدارة يومك.
Username|اسم المستخدم
Password|كلمة المرور
Sign in|دخول
Need access? Contact your venue administrator.|تحتاج صلاحية؟ تواصل مع مسؤول المنشأة.
CLUB OPERATIONS|إدارة النادي
Administration|الإدارة
View website|عرض الموقع
Sign out|تسجيل الخروج
Notifications|الإشعارات
Overview|نظرة عامة
Bookings|الحجوزات
Cancellations|طلبات الإلغاء
Website orders|طلبات الموقع
Cashier|الكاشير
Quick sale|بيع سريع
Sales|المبيعات
Product details|تفاصيل المنتج
Products|المنتجات
Categories|الفئات
Inventory|المخزون
Barcode labels|ملصقات الباركود
Courts|الملاعب
Tables|الطاولات
Receipt archive|أرشيف الإيصالات
Debts|الديون
Expenses|المصروفات
Reports|التقارير
Activity|سجل النشاط
Website & settings|الموقع والإعدادات
Staff & permissions|الموظفون والصلاحيات
Setup in progress. Confirm venue details, prices and policies before launch.|الإعداد جارٍ. أكد معلومات المنشأة والأسعار والسياسات قبل الإطلاق.
Open settings|فتح الإعدادات
A clear view of your club, today.|صورة واضحة لناديك اليوم.
Open cashier|فتح الكاشير
Collected today|المحصل اليوم
Actual cash & card collections|تحصيل فعلي نقداً وبالبطاقة
Today’s bookings|حجوزات اليوم
pending approval|بانتظار الموافقة
Active sessions|الجلسات النشطة
Courts and tables in use|الملاعب والطاولات المستخدمة
Outstanding debts|الديون المتبقية
Not collected|غير محصل
Recent bookings|الحجوزات الأخيرة
View all|عرض الكل
Customer|العميل
Start|البداية
No bookings yet.|لا توجد حجوزات بعد.
Recent website orders|طلبات الموقع الأخيرة
No orders yet.|لا توجد طلبات بعد.
Needs attention|يحتاج متابعة
Pending bookings|الحجوزات المعلقة
Cancellation requests|طلبات الإلغاء
Low-stock items|منتجات منخفضة المخزون
Unpaid stopped bills|فواتير متوقفة غير مدفوعة
Latest activity|آخر الأنشطة
Guest|زائر
Nothing here yet.|لا توجد سجلات بعد.
New records will appear here.|تظهر السجلات الجديدة هنا.
Pagination|الصفحات
Previous|السابق
Next|التالي
Name|الاسم
Description|الوصف
Location|الموقع
Hourly rate|سعر الساعة
Active|نشط
Public booking|الحجز العام
Cashier visibility|عرض في الكاشير
Image|الصورة
Capacity|السعة
Cost price|سعر التكلفة
Selling price|سعر البيع
Opening stock|المخزون الافتتاحي
Track stock|تتبع المخزون
Low stock threshold|حد انخفاض المخزون
Website visibility|عرض في الموقع
Featured product|منتج مميز
Barcode|الباركود
Date|التاريخ
Amount|المبلغ
Method|الطريقة
Role|الدور
Maintenance blocks|فترات الصيانة
Add new|إضافة جديد
Search records|بحث في السجلات
Search|بحث
All records|جميع السجلات
Details|التفاصيل
Stock|المخزون
Untracked|غير متتبع
Global rate|السعر العام
seats|مقاعد
Edit|تعديل
Edit record|تعديل السجل
Add a record|إضافة سجل
No category|بدون فئة
Current image|الصورة الحالية
Permissions|الصلاحيات
Super administrators have all permissions. Leave password blank to keep it unchanged.|للمسؤول الرئيسي جميع الصلاحيات. اترك كلمة المرور فارغة لإبقائها.
Reason for change|سبب التغيير
Save changes|حفظ التغييرات
Cancel|إلغاء
Archive record|أرشفة السجل
Reason|السبب
Archive|أرشفة
New booking|حجز جديد
All bookings|كل الحجوزات
Search bookings|بحث الحجوزات
Name, phone or reference|الاسم أو الهاتف أو المرجع
All statuses|كل الحالات
All courts|كل الملاعب
Quoted total|الإجمالي المعروض
No bookings found.|لا توجد حجوزات مطابقة.
Booking details|تفاصيل الحجز
Reservation|الحجز
Requested|وقت الطلب
Linked bill|الفاتورة المرتبطة
Start hour (0–23)|ساعة البداية (0–23)
Duration in hours|المدة بالساعات
Save booking|حفظ الحجز
Booking actions|إجراءات الحجز
Approve|موافقة
Mark completed|تحديد كمكتمل
Approve cancellation|الموافقة على الإلغاء
Cancel booking|إلغاء الحجز
Reject cancellation|رفض الإلغاء
Booking approval does not record a payment.|الموافقة على الحجز لا تعني تسجيل دفعة.
Search orders|بحث الطلبات
Balance|الرصيد المتبقي
No orders found.|لا توجد طلبات مطابقة.
Order details|تفاصيل الطلب
Receipt|الإيصال
Product|المنتج
Unit price|سعر الوحدة
Payments|الدفعات
No payments recorded.|لا توجد دفعات مسجلة.
Order actions|إجراءات الطلب
Confirm order|تأكيد الطلب
Start preparing|بدء التحضير
Mark fulfilled|تحديد كمستلم
Payment amount|مبلغ الدفعة
Record payment|تسجيل دفعة
Cancellation / refund|الإلغاء والاسترداد
Goods physically returned — restore stock|تم إرجاع البضائع فعلياً — إعادة المخزون
Refund and void bill|استرداد وإبطال الفاتورة
Cancel order|إلغاء الطلب
Confirmation, fulfillment and payment are tracked separately.|يتم تتبع التأكيد والتسليم والدفع بشكل منفصل.
Stock movements|حركات المخزون
Change|التغيير
Source|المصدر
Adjust stock|تعديل المخزون
Change in quantity (+ / −)|التغيير في الكمية (+ / −)
Record adjustment|تسجيل التعديل
Stock cannot fall below zero. Every adjustment is recorded.|لا يمكن أن ينخفض المخزون عن صفر. كل تعديل مسجل.
Court maintenance|صيانة الملاعب
Release|إتاحة
Block a court|حجب ملعب
End|النهاية
Save block|حفظ فترة الحجب
Debt created|الديون المنشأة
Collected|المحصل
Outstanding|المتبقي
Name or phone|الاسم أو الهاتف
All sources|كل المصادر
Manual debt|دين يدوي
Sale|بيع
From date|من تاريخ
To date|إلى تاريخ
Filter|تصفية
Original amount|المبلغ الأصلي
Remaining|المتبقي
Source invoice|الفاتورة الأصلية
Collection amount|مبلغ التحصيل
Record collection|تسجيل تحصيل
Collection history|سجل التحصيل
No debts found.|لا توجد ديون مطابقة.
Add manual debt|إضافة دين يدوي
Create debt|إنشاء دين
Creating debt records a receivable, not a cash collection or a new sale.|إنشاء الدين يسجل مبلغاً مستحقاً، ولا يمثل تحصيلاً أو بيعاً جديداً.
Export CSV|تصدير CSV
Net sales|صافي المبيعات
Collections|التحصيلات
Cash movement|الحركة النقدية
Financial breakdown|التفاصيل المالية
Finalized sales|المبيعات النهائية
Website sales|مبيعات الموقع
Discounts|الخصومات
Voids / refunds|الإلغاءات والاستردادات
Historical cost of goods|تكلفة البضائع وقت البيع
Gross margin|هامش الربح الإجمالي
Operating result|نتيجة التشغيل
Cash collected|المحصل نقداً
Card collected|المحصل بالبطاقة
Debts created|ديون منشأة
Debt collections|تحصيل الديون
Stopped unpaid bills|فواتير متوقفة غير مدفوعة
Operations|العمليات
Booking quoted value|القيمة المعروضة للحجوزات
Booking confirmed value|قيمة الحجوزات المؤكدة
Confirmed court hours|ساعات الملاعب المؤكدة
Product units sold|وحدات المنتجات المباعة
Court bills|فواتير الملاعب
Table bills|فواتير الطاولات
Quick sales|المبيعات السريعة
How to read this report|كيف تقرأ التقرير
Sales use the transaction business date. Collections use the business date of the actual payment. Booking quotes are excluded from sales. Debt collections are never new sales.|المبيعات حسب يوم العملية، والتحصيل حسب يوم الدفع الفعلي. عروض الحجز ليست مبيعات، وتحصيل الدين ليس بيعاً جديداً.
Outstanding debts, active sessions and stopped unpaid bills are current balances, independent of the selected range.|الديون المتبقية والجلسات النشطة والفواتير غير المدفوعة أرصدة حالية لا تتقيد بالفترة المختارة.
Operating result subtracts snapshot product costs and operating expenses. Inventory purchases affect cash movement but are not deducted twice as operating expenses. Refunds are shown on the refund date; returned-stock cost recovery is shown separately where available.|نتيجة التشغيل تخصم تكلفة المنتجات المحفوظة والمصروفات التشغيلية. مشتريات المخزون تؤثر على النقد ولا تخصم مرتين. تظهر الاستردادات بتاريخها مع تكلفة المرتجعات حيث تتوفر.
Payment records|سجلات الدفع
Bill|فاتورة
Order|طلب
Debt|دين
Debt collection|تحصيل دين
Period|الفترة
Today|اليوم
Yesterday|أمس
This week|هذا الأسبوع
This month|هذا الشهر
All time|كل الفترات
Type|النوع
All types|كل الأنواع
All methods|كل الطرق
Matching records|السجلات المطابقة
Total excludes cancelled and voided records. Unpaid amounts are not collections.|الإجمالي يستبعد السجلات الملغاة. المبالغ غير المدفوعة ليست تحصيلات.
No matching receipts.|لا توجد إيصالات مطابقة.
View|عرض
Mark read|تحديد كمقروء
You’re all caught up.|لا توجد إشعارات جديدة.
Actor|المستخدم
Action|الإجراء
Record|السجل
Changes|التغييرات
Print labels|طباعة الملصقات
Label size|حجم الملصق
Show selling price|إظهار سعر البيع
Select all|تحديد الكل
Preview labels|معاينة الملصقات
Regenerate a barcode|إعادة توليد باركود
Generate new barcode|توليد باركود جديد
Print at 100% scale. Disable browser headers and footers.|اطبع بمقياس 100% وأوقف رؤوس وتذييلات المتصفح.
Venue identity & contact|هوية المكان والاتصال
Business name|اسم المنشأة
Address|العنوان
Directions link|رابط الاتجاهات
Instagram link|رابط إنستغرام
Facebook link|رابط فيسبوك
Social link|رابط اجتماعي
Venue details and commercial policies are confirmed|تفاصيل المكان والسياسات التجارية مؤكدة
Hours & pricing|الأوقات والأسعار
Opening hour (0–23)|ساعة الفتح (0–23)
Closing hour (0–23)|ساعة الإغلاق (0–23)
Global hourly rate|سعر الساعة العام
Minimum billable minutes|الحد الأدنى للدقائق المفوترة
Round up to minutes|تقريب لأعلى بالدقائق
Maximum booking hours|أقصى ساعات للحجز
Booking days ahead|أيام الحجز المسبق
Automatic discount percent|نسبة الخصم التلقائي
Discount start hour|ساعة بدء الخصم
Discount end hour|ساعة انتهاء الخصم
Court-specific rates override the global rate. Zero is valid. New policies apply to new transactions; existing pricing snapshots are preserved.|سعر الملعب يتقدم على السعر العام. الصفر صالح. تطبق السياسات الجديدة على المعاملات الجديدة وتبقى الأسعار السابقة محفوظة.
Orders, language & time|الطلبات واللغة والتوقيت
Enable delivery|تفعيل التوصيل
Default language|اللغة الافتراضية
Timezone|المنطقة الزمنية
Receipts & labels|الإيصالات والملصقات
Receipt width|عرض الإيصال
Automatically open print dialog after settlement|فتح نافذة الطباعة تلقائياً بعد التسوية
Website content|محتوى الموقع
Show courts|عرض الملاعب
Show featured products|عرض المنتجات المميزة
Show introduction|عرض المقدمة
Hero image (authorized Verda imagery only)|صورة الواجهة (صور فيردا المصرح بها فقط)
Hero title|عنوان الواجهة
Hero introduction|نص الواجهة
About content|نص من نحن
Contact content|نص التواصل
Save settings|حفظ الإعدادات
Start a game, serve a table, or make a quick sale.|ابدأ مباراة أو اخدم طاولة أو نفذ بيعاً سريعاً.
Timer running|المؤقت يعمل
Stopped unpaid|متوقفة غير مدفوعة
Time frozen · awaiting settlement|الوقت متوقف · بانتظار التسوية
Enabled for cashier|مفعّل للكاشير
Product billing only|فواتير منتجات فقط
Walk-in|بدون حجز
Open bill|فتح الفاتورة
Start session|بدء جلسة
Link reservation|ربط حجز
Start now|ابدأ الآن
No courts configured.|لم تتم إضافة ملاعب.
Open table|فتح طاولة
No tables configured.|لم تتم إضافة طاولات.
Current bill|الفاتورة الحالية
All locations|كل المواقع
Elapsed time|الوقت المنقضي
Time charge|تكلفة الوقت
Finish play|إنهاء اللعب
Play has finished. Court billing is frozen. Products may still be added before settlement. The location is now available for another session.|انتهى اللعب وتوقفت أجرة الوقت. يمكن إضافة منتجات قبل التسوية. المكان متاح الآن لجلسة أخرى.
Add to the bill|أضف إلى الفاتورة
Scan barcode|مسح الباركود
Scan or enter barcode|امسح أو أدخل الباركود
Add item|إضافة منتج
Preparation|التحضير
Next preparation stage|مرحلة التحضير التالية
Court time|وقت الملعب
min|دقيقة
Automatic discount|الخصم التلقائي
Manual discount|الخصم اليدوي
Total due|الإجمالي المستحق
Payment method|طريقة الدفع
Cash — record collection|نقداً — تسجيل تحصيل
Card — record collection|بطاقة — تسجيل تحصيل
Debt — collect later|دين — تحصيل لاحقاً
Finalize bill|إنهاء الفاتورة
Customer details|بيانات العميل
Save customer|حفظ العميل
Apply a discount|تطبيق خصم
Discount type|نوع الخصم
Percentage|نسبة مئوية
Fixed IQD|مبلغ ثابت بالدينار
Discount value|قيمة الخصم
Apply discount|تطبيق الخصم
Void open bill|إبطال فاتورة مفتوحة
Void bill|إبطال الفاتورة
View receipt|عرض الإيصال
Refund finalized bill|استرداد فاتورة نهائية
Timer is display-only. The server calculates final billing when you finish or settle.|المؤقت للعرض فقط. يحسب الخادم الفاتورة النهائية عند الإنهاء أو التسوية.
Build a basket|كوّن السلة
Sale summary|ملخص البيع
Clear|مسح
Add discount|إضافة خصم
Discount reason|سبب الخصم
Complete sale|إتمام البيع
A customer name is required for debt. Final prices and stock are verified by the server.|اسم العميل مطلوب للدين. يتحقق الخادم من الأسعار والمخزون النهائي.
Print / reprint|طباعة / إعادة طباعة
Debt invoice|فاتورة دين
Paid receipt|إيصال مدفوع
Unpaid bill|فاتورة غير مدفوعة
Actual duration|المدة الفعلية
Billed duration|المدة المفوترة
Item|الصنف
Qty|العدد
Unit|الوحدة
Remaining balance|الرصيد المتبقي
This bill has been voided. Refer to the adjustment history.|تم إبطال هذه الفاتورة. راجع سجل التعديلات.
Thank you for choosing Verda Padel.|شكراً لاختيارك فيردا بادل.
Printing does not record or repeat a payment.|الطباعة لا تسجل دفعة ولا تكررها.
pending|قيد الانتظار
confirmed|مؤكد
pending_cancel|طلب إلغاء
completed|مكتمل
cancelled|ملغي
processing|قيد التجهيز
preparing|قيد التحضير
ready|جاهز
delivered|تم التسليم
collected|تم الاستلام
active|نشط
inactive|غير نشط
stopped|متوقف
paid|مدفوع
unpaid|غير مدفوع
debt|دين
open|مفتوح
void|مبطل
cash|نقداً
card|بطاقة
pickup|استلام
delivery|توصيل
stadium|ملعب
table|طاولة
quick|بيع سريع
website|الموقع
admin|موظف إدارة
super_admin|المسؤول الرئيسي
dashboard|لوحة التحكم
staff|الموظفون
receipts|الإيصالات
settings|الإعدادات
orders|الطلبات
bookings|الحجوزات
salaries|رواتب
bills|فواتير
maintenance|صيانة
cleaning|تنظيف
purchases|مشتريات
transportation|نقل
hospitality|ضيافة
rent|إيجار
marketing|تسويق
other|أخرى
ku|باديني
ar|العربية
en|الإنجليزية
A customer name is required for debt.|اسم العميل مطلوب لإنشاء دين.
A linked bill must be resolved before cancellation.|يجب معالجة الفاتورة المرتبطة قبل الإلغاء.
A reservation or maintenance block occupies this time.|هذا الوقت محجوز أو مخصص للصيانة.
An item in your basket is no longer available.|أحد منتجات السلة لم يعد متاحاً.
Barcode not found.|الباركود غير موجود.
Barcode regenerated|تم توليد باركود جديد
Bill customer updated|تم تحديث عميل الفاتورة
Bill finalized|تم إنهاء الفاتورة
Bill refunded|تم استرداد الفاتورة
Cancellation request|طلب إلغاء
Checkout will open when venue details are confirmed.|يفتح إتمام الطلبات بعد تأكيد معلومات المنشأة.
Choose a court or table.|اختر ملعباً أو طاولة.
Choose a valid action.|اختر إجراءً صالحاً.
Choose a valid business date.|اختر يوم عمل صالحاً.
Choose a valid category.|اختر فئة صالحة.
Choose a valid date and time.|اختر تاريخاً ووقتاً صالحين.
Choose a valid date range.|اختر فترة زمنية صالحة.
Choose a valid date.|اختر تاريخاً صالحاً.
Choose a valid discount.|اختر خصماً صالحاً.
Choose a valid image file.|اختر ملف صورة صالحاً.
Choose a valid label size.|اختر حجم ملصق صالحاً.
Choose a valid language.|اختر لغة صالحة.
Choose a valid payment method.|اختر طريقة دفع صالحة.
Choose a valid role.|اختر دوراً صالحاً.
Choose a valid timezone.|اختر منطقة زمنية صالحة.
Choose an available collection method.|اختر طريقة استلام متاحة.
Choose an eligible confirmed reservation.|اختر حجزاً مؤكداً ومؤهلاً.
Choose an upcoming time within the booking window.|اختر وقتاً قادماً ضمن فترة الحجز.
Complete the required fields and keep text within the allowed length.|أكمل الحقول المطلوبة والتزم بطول النص المسموح.
Debt collected|تم تحصيل الدين
Description (ar)|الوصف بالعربية
Description (en)|الوصف بالإنجليزية
Description (ku)|الوصف بالبادينية
Discount applied|تم تطبيق الخصم
Discover Verda Padel. Book a court and explore padel essentials.|اكتشف فيردا بادل. احجز ملعباً وتصفح مستلزمات البادل.
Enter a valid email address.|أدخل بريداً إلكترونياً صالحاً.
Enter a valid phone number.|أدخل رقم هاتف صالحاً.
Enter a valid whole number.|أدخل عدداً صحيحاً صالحاً.
Go back and review|العودة والمراجعة
Image is too large.|حجم الصورة كبير جداً.
Invalid username or password.|اسم المستخدم أو كلمة المرور غير صحيحة.
Item added|تمت إضافة المنتج
Item quantity changed|تم تغيير الكمية
Low stock|انخفاض المخزون
Maintenance block added|تمت إضافة فترة صيانة
Maintenance block removed|تم رفع فترة الصيانة
Manual debt created|تم إنشاء دين يدوي
Name (ar)|الاسم بالعربية
Name (en)|الاسم بالإنجليزية
Name (ku)|الاسم بالبادينية
New booking request|طلب حجز جديد
New website order|طلب موقع جديد
Only finalized bills can be refunded here.|يمكن استرداد الفواتير النهائية فقط هنا.
Open bill voided|تم إبطال الفاتورة المفتوحة
Order cancelled|تم إلغاء الطلب
Order payment|دفعة طلب
Order requested|تم طلب المنتجات
Order status changed|تم تغيير حالة الطلب
Play finished|انتهى اللعب
Preparation status changed|تم تغيير حالة التحضير
Prepared goods require an explicit return after settlement.|البضائع المحضرة تحتاج إرجاعاً صريحاً بعد التسوية.
Prepared goods require settlement and an explicit return.|يجب تسوية البضائع المحضرة ثم إرجاعها صراحةً.
Quick sale discount|خصم بيع سريع
Record archived|تمت أرشفة السجل
Record created|تم إنشاء السجل
Record updated|تم تحديث السجل
Resolve existing reservations or sessions before adding maintenance.|عالج الحجوزات أو الجلسات الحالية قبل إضافة الصيانة.
Session started|بدأت الجلسة
Settings updated|تم تحديث الإعدادات
Staff signed in|تم دخول موظف
Start a reserved session during its reserved interval.|ابدأ جلسة الحجز خلال وقتها المحدد.
Stock adjusted|تم تعديل المخزون
The collection exceeds the remaining balance or is invalid.|مبلغ التحصيل يتجاوز المتبقي أو غير صالح.
The duration extends beyond opening hours.|المدة تتجاوز ساعات العمل.
The last active super administrator must be preserved.|يجب الإبقاء على مسؤول رئيسي نشط واحد على الأقل.
The number is outside the allowed range.|العدد خارج النطاق المسموح.
The payment exceeds the remaining balance or is invalid.|الدفعة تتجاوز الرصيد المتبقي أو غير صالحة.
There is not enough stock for this item.|لا توجد كمية كافية لهذا المنتج.
This bill is finalized.|تم إنهاء هذه الفاتورة.
This court is not available.|هذا الملعب غير متاح.
This item is no longer available.|هذا المنتج لم يعد متاحاً.
This location is already occupied.|هذا المكان مشغول بالفعل.
This location is not available.|هذا المكان غير متاح.
This order is already cancelled.|هذا الطلب ملغى بالفعل.
This reservation can no longer be edited.|لم يعد ممكناً تعديل هذا الحجز.
This session cannot be stopped.|لا يمكن إيقاف هذه الجلسة.
This status change is not allowed.|تغيير الحالة هذا غير مسموح.
This time is no longer available. Choose another slot.|هذا الوقت لم يعد متاحاً. اختر وقتاً آخر.
Too many login attempts. Please try again in 15 minutes.|محاولات دخول كثيرة. حاول بعد 15 دقيقة.
Use a PNG, JPEG or WebP image under 25 megapixels.|استخدم صورة PNG أو JPEG أو WebP أقل من 25 ميغابكسل.
Use a complete http or https link.|استخدم رابط http أو https كاملاً.
Use a controlled refund/return for fulfilled or paid goods.|استخدم إجراء الاسترداد والإرجاع للبضائع المسلمة أو المدفوعة.
Use a password with at least 12 characters.|استخدم كلمة مرور من 12 حرفاً على الأقل.
Use a printable ASCII barcode up to 48 characters.|استخدم باركود ASCII قابل للطباعة حتى 48 حرفاً.
Your basket is empty or invalid.|السلة فارغة أو غير صالحة.
Check your details|تحقق من البيانات
Please try again|حاول مرة أخرى
Page unavailable|الصفحة غير متاحة
The page is unavailable or you do not have permission.|الصفحة غير متاحة أو لا تملك صلاحية.
Something went wrong. Your request was not completed.|حدث خطأ. لم يكتمل طلبك.
This record conflicts with an existing record. Reload and try again.|يتعارض السجل مع سجل موجود. حدّث الصفحة وحاول مجدداً.
Reload the page before submitting this action.|حدّث الصفحة قبل إرسال الإجراء.
Booking requested|تم طلب الحجز
Booking updated|تم تحديث الحجز
Booking confirm|تم تأكيد الحجز
Booking cancel|تم إلغاء الحجز
Booking reject|تم رفض الحجز
Booking request_cancel|تم طلب إلغاء الحجز
Booking restore|تم استعادة الحجز
Booking complete|تم إكمال الحجز
Booking archive|تمت أرشفة الحجز
Website order|طلب موقع
Unfulfilled order cancellation|إلغاء طلب غير منفذ
POS item|منتج كاشير
POS quantity correction|تصحيح كمية الكاشير
Explicit goods return|إرجاع بضائع موثق
Court utilization|استخدام الملاعب
Occupied hours|ساعات الاستخدام
Available hours estimate|الساعات المتاحة التقديرية
Utilization|نسبة الاستخدام
Product sales breakdown|تفاصيل مبيعات المنتجات
Finalized item values before bill discounts and later refunds. Costs use sale snapshots.|قيم المنتجات المكتملة قبل خصومات الفاتورة والاستردادات اللاحقة. التكاليف محفوظة وقت البيع.
Actual court use through now, within the current opening schedule, excluding maintenance from available hours. Historical schedules and activation dates are not stored; available hours and utilization are estimates.|الاستخدام الفعلي حتى الآن ضمن ساعات العمل الحالية، مع استبعاد الصيانة من الساعات المتاحة. الجداول السابقة وتواريخ التفعيل غير محفوظة؛ الساعات المتاحة ونسبة الاستخدام تقديرية.
Court-time charges before bill discount|رسوم وقت الملعب قبل خصم الفاتورة
Open today|مفتوح اليوم
Open daily|مفتوح يومياً
On site|في النادي
Last court starts one hour before closing.|آخر حجز يبدأ قبل ساعة من الإغلاق.
Switch theme|تبديل المظهر
Loading|جارٍ التحميل
Daytime|نهاراً
Evening|مساءً
Switch language|تغيير اللغة
Decline|رفض
Decline this booking? The customer’s slot will be released.|رفض هذا الحجز؟ سيتم تحرير الموعد المحجوز.
Declined by staff|مرفوض من قبل الموظفين
Reason for declining this booking:|سبب رفض هذا الحجز:
now|الآن
Charged per hour actually played. A session crossing a window is split automatically.|تُحتسب حسب الساعات الفعلية للعب. الجلسة التي تمتد بين فترتين تُقسّم تلقائياً.
Close menu|إغلاق القائمة
THE COURTS|الملاعب
Pick your court.|اختر ملعبك.
Available now|متاح الآن
In play now|قيد اللعب الآن
Opens at|يفتح الساعة
Book now|احجز الآن
Book|احجز
off|خصم
LED|إضاءة LED
A/C|تكييف
Turf|عشب احترافي
Panoramic|زجاج بانورامي
Amenities|المرافق
LED lighting|إضاءة LED
Air conditioned|مكيّف
Pro turf|عشب احترافي
Panoramic glass|زجاج بانورامي
Open a tab for each person, run the courts, or make a quick sale.|افتح حساباً لكل شخص، أدر الملاعب، أو نفّذ بيعاً سريعاً.
Open tabs|الحسابات المفتوحة
People with a running bill|أشخاص لديهم فاتورة مفتوحة
Court sessions|جلسات الملاعب
Awaiting settlement|بانتظار التسوية
Tabs closed today|حسابات أُغلقت اليوم
People|الأشخاص
Find a person|ابحث عن شخص
Open a new tab|فتح حساب جديد
Everything they order goes on their name until they leave.|كل ما يطلبه يُسجَّل باسمه حتى يغادر.
e.g. Blnd|مثال: بلند
Open tab|فتح الحساب
Opened|فُتح
Items|المنتجات
Running total|المجموع الحالي
Closed today|أُغلقت اليوم
Personal tab|حساب شخصي
person|حساب شخصي
Tab for|حساب
Edit item|تعديل المنتج
Free units|وحدات مجانية
Give free|اجعلها مجانية
Item discount|خصم المنتج
Apply|تطبيق
Free units cost the customer nothing; stock still goes down and the cost is recorded.|الوحدات المجانية لا يدفعها الزبون؛ ينقص المخزون ويُسجَّل سعر التكلفة.
Nothing on this bill yet. Tap a product to add it.|لا شيء في هذه الفاتورة بعد. اضغط على منتج لإضافته.
Free|مجاني
Free items|منتجات مجانية
Item discounts|خصومات المنتجات
Invoice discount|خصم الفاتورة
Discount on whole invoice|خصم على الفاتورة كاملة
Close tab and print invoice|إغلاق الحساب وطباعة الفاتورة
Invoice|فاتورة
Tab opened|فُتح الحساب
Tab closed|أُغلق الحساب
Item discounts (included above)|خصومات المنتجات (ضمن ما سبق)
Free items at cost|المنتجات المجانية بسعر التكلفة
Personal tabs|الحسابات الشخصية
Table bills (before tabs)|فواتير الطاولات (قبل الحسابات)
Finalized item values after free units and item discounts, before invoice discounts and later refunds. Costs use sale snapshots and include free units.|قيم المنتجات النهائية بعد الوحدات المجانية وخصومات المنتجات، وقبل خصم الفاتورة والاسترجاعات. التكاليف من لقطة البيع وتشمل الوحدات المجانية.
Choose a court or open a tab for a person.|اختر ملعباً أو افتح حساباً لشخص.
Enter the name of the person this tab belongs to.|أدخل اسم صاحب هذا الحساب.
Add|أضف
No products are enabled for the cashier.|لا توجد منتجات مفعّلة للكاشير.
Tap a product to add it to the basket.|اضغط على منتج لإضافته إلى السلة.
Remove one|إزالة واحدة
Add one|إضافة واحدة
FIND US|موقعنا
Come play with us.|تعال والعب معنا.
Map showing the Verda Padel location|خريطة تُظهر موقع فيردا بادل
Tap for directions|اضغط للاتجاهات
Open in Google Maps|افتح في خرائط Google
Map location (latitude, longitude)|موقع الخريطة (خط العرض، خط الطول)
In Google Maps, right-click your venue and click the numbers at the top of the menu to copy them, then paste here. Shows the map on the website with a directions button.|في خرائط Google، انقر بزر الفأرة الأيمن على موقع النادي ثم اضغط على الأرقام في أعلى القائمة لنسخها، والصقها هنا. تظهر الخريطة على الموقع مع زر الاتجاهات.
Enter the map location as latitude, longitude — for example 36.8669, 42.9503.|أدخل موقع الخريطة بصيغة خط العرض، خط الطول — مثال: 36.8669, 42.9503.
Opening time|وقت الافتتاح
Closing time|وقت الإغلاق
Evening rate starts|بداية سعر المساء
Evening rate ends|نهاية سعر المساء
Discount starts|بداية الخصم
Discount ends|نهاية الخصم
Start time|وقت البدء

Currency|العملة
Dinar (IQD)|الدينار (IQD)
Dollar ($)|الدولار ($)
Choose dinar or dollar.|اختر الدينار أو الدولار.
Enter a valid amount.|أدخل مبلغاً صحيحاً.
Enter a whole dinar amount.|أدخل مبلغاً بالدينار دون كسور.
Revenue today|إيراد اليوم
Courts in use right now|ملاعب مشغولة الآن
Products at or below threshold|منتجات عند الحد الأدنى أو أقل
Units sold today|وحدات بيعت اليوم
Open full report|افتح التقرير الكامل
Cash|نقداً
Card|بطاقة
Sales by bill type|المبيعات حسب نوع الفاتورة
Dinar and dollar are kept apart and never added together or converted.|الدينار والدولار منفصلان ولا يُجمعان أو يُحوَّلان أبداً.
Each product is sold and costed in its own currency, so every profit figure is per currency. Courts and bookings are always in dinar.|يُباع كل منتج وتُحسب تكلفته بعملته، لذا كل رقم ربح هو لكل عملة على حدة. الملاعب والحجوزات دائماً بالدينار.
Percentage (all currencies)|نسبة مئوية (كل العملات)
Fixed amount|مبلغ ثابت
Take a fixed amount off|اخصم مبلغاً ثابتاً من
Each total is paid in its own currency. Dollars and dinar are never converted.|يُدفع كل مجموع بعملته. لا يُحوَّل الدولار والدينار أبداً.
Dollar-priced items are paid in dollars and dinar-priced items in dinar.|تُدفع المنتجات المسعّرة بالدولار بالدولار، والمسعّرة بالدينار بالدينار.Only court|الملعب الوحيد
Booking page photo|صورة صفحة الحجز
Selected court’s photo (default)|صورة الملعب المختار (افتراضي)

A guest|زائر
{actor} signed in|{actor} سجّل الدخول
{actor} updated the website settings|{actor} حدّث إعدادات الموقع
{actor} opened a tab for {name}|{actor} فتح حساباً لـ {name}
{actor} started a court session on {court}|{actor} بدأ جلسة على {court}
{actor} started a quick sale|{actor} بدأ بيعاً سريعاً
{actor} added {quantity} × {product} to {record}|{actor} أضاف {quantity} × {product} إلى {record}
{actor} added an item to {record}|{actor} أضاف منتجاً إلى {record}
{actor} changed {product} on {record} from {old} to {new}|{actor} غيّر كمية {product} في {record} من {old} إلى {new}
{actor} changed an item quantity on {record}|{actor} غيّر كمية منتج في {record}
{actor} gave {quantity} × {product} free on {record}|{actor} قدّم {quantity} × {product} مجاناً في {record}
{actor} removed the free units of {product} on {record}|{actor} ألغى الوحدات المجانية من {product} في {record}
{actor} gave {product} a discount of {discount} on {record}|{actor} منح {product} خصماً بقيمة {discount} في {record}
{actor} removed the discount on {product} on {record}|{actor} ألغى الخصم على {product} في {record}
{actor} applied a discount of {discount} to {record}|{actor} طبّق خصماً بقيمة {discount} على {record}
{actor} applied a discount to {record}|{actor} طبّق خصماً على {record}
{actor} stopped the timer on {record}|{actor} أوقف المؤقت في {record}
{actor} closed {record} and put {amounts} on debt|{actor} أغلق {record} وسجّل {amounts} ديناً
{actor} closed {record}: {amounts} paid by {method}|{actor} أغلق {record}: دُفع {amounts} {method}
{actor} updated the customer details on {record}|{actor} حدّث بيانات الزبون في {record}
{actor} moved an order on {record} to “{status}”|{actor} نقل طلباً في {record} إلى «{status}»
{actor} moved an order on {record} to the next stage|{actor} نقل طلباً في {record} إلى المرحلة التالية
{actor} voided {record}|{actor} ألغى {record}
{actor} refunded {record} ({amounts})|{actor} استرجع {record} ({amounts})
{actor} requested {record}|{actor} طلب {record}
{actor} edited {record}|{actor} عدّل {record}
{actor} approved {record}|{actor} وافق على {record}
{actor} declined {record}|{actor} رفض {record}
{actor} cancelled {record}|{actor} ألغى {record}
{actor} asked to cancel {record}|{actor} طلب إلغاء {record}
{actor} restored {record}|{actor} أعاد {record}
{actor} marked {record} as completed|{actor} أكمل {record}
{actor} archived {record}|{actor} أرشف {record}
{actor} changed {record}|{actor} غيّر {record}
{actor} placed {record}|{actor} أرسل {record}
{actor} moved {record} from “{old}” to “{new}”|{actor} نقل {record} من «{old}» إلى «{new}»
{actor} recorded a {method} payment of {amount} on {record}|{actor} سجّل دفعة {method} بقيمة {amount} على {record}
{actor} recorded {record}|{actor} سجّل {record}
{actor} collected {amount} ({method}) from {record}|{actor} حصّل {amount} ({method}) من {record}
{actor} added {quantity} units to the stock of {record}|{actor} أضاف {quantity} وحدة إلى مخزون {record}
{actor} removed {quantity} units from the stock of {record}|{actor} أزال {quantity} وحدة من مخزون {record}
{actor} blocked {record} for maintenance|{actor} أغلق {record} للصيانة
{actor} removed the maintenance block on {record}|{actor} ألغى إغلاق الصيانة على {record}
{actor} made a new barcode for {record}|{actor} أنشأ باركود جديداً لـ {record}
{actor} added {thing} {record}|{actor} أضاف {thing} {record}
{actor} updated {thing} {record}|{actor} حدّث {thing} {record}
{actor} archived {thing} {record}|{actor} أرشف {thing} {record}
{actor}: {action} — {record}|{actor}: {action} — {record}
the product|المنتج
the category|الفئة
the court|الملعب
an expense|مصروفاً
the staff member|الموظف
the table|الطاولة
a record|سجلاً
a deleted record|سجلاً محذوفاً
{name}'s tab|حساب {name}
the {court} session|جلسة {court}
quick sale VP-{ref}|بيع سريع VP-{ref}
the booking for {name} on {court}, {when}|حجز {name} على {court}، {when}
website order VP-{ref} from {name}|طلب الموقع VP-{ref} من {name}
a debt of {amount} for {name}|ديناً بقيمة {amount} على {name}
a court|ملعباً
an item|منتجاً
Yes|نعم
No|لاIt's {name}'s time|حان وقت {name}
{court} · {starts} – {ends} ({hours} h)|{court} · {starts} – {ends} ({hours} س)
{name}'s booked time on {court} has ended. The timer stopped.|انتهى وقت حجز {name} على {court}. توقف المؤقت.
Accept & start|قبول وبدء
Could not start. Check the cashier page.|تعذّر البدء. راجع صفحة الكاشير.
This booking can no longer be started.|لم يعد بالإمكان بدء هذا الحجز.
Booked until|محجوز حتى
stops automatically|يتوقف تلقائياً
Bookings starting now|حجوزات تبدأ الآن
h|س
{actor} started {name}'s booked session on {court}|{actor} بدأ جلسة {name} المحجوزة على {court}
{record}: the booked time ended and the timer stopped automatically|{record}: انتهى الوقت المحجوز وتوقف المؤقت تلقائياً
{actor} dismissed the start reminder for {record}|{actor} تجاهل تذكير بدء {record}

When|متى
Any day|أي يوم
Tomorrow|غداً
Upcoming|القادمةcashier|كاشير
Enter a password for the new staff member.|أدخل كلمة مرور للموظف الجديد.

It's {name}'s time · weekly regular|حان وقت {name} · حجز أسبوعي ثابت
Regular bookings|الحجوزات الأسبوعية
Players who come every week keep their slot. Their next game is always reserved; when they play, next week is booked for them.|اللاعبون الذين يأتون كل أسبوع يحتفظون بموعدهم. لعبتهم التالية محجوزة دائماً؛ وعندما يلعبون يُحجز لهم الأسبوع التالي.
Weekly regulars|اللاعبون الأسبوعيون
Next game|اللعبة التالية
Not reserved yet|لم يُحجز بعد
Last week|الأسبوع الماضي
Played|لعب
Did not come|لم يحضر
Week of|أسبوع
could not be reserved — the slot was taken or blocked.|تعذّر حجزه — الموعد محجوز أو مغلق.
Games played|الألعاب الملعوبة
Cancel this week|إلغاء هذا الأسبوع
Not coming this week|لن يحضر هذا الأسبوع
Cancel only this week|إلغاء هذا الأسبوع فقط
The following week is reserved straight away.|يُحجز الأسبوع التالي فوراً.
Stop regular booking|إيقاف الحجز الأسبوعي
Stop and release the slot|إيقاف وتحرير الموعد
No regular bookings yet.|لا توجد حجوزات أسبوعية بعد.
Stopped|متوقفة
Add a regular|إضافة لاعب أسبوعي
How long|المدة
Starting from|ابتداءً من
Days of the week|أيام الأسبوع
Twice a week? Tick both days. Each day keeps its own slot.|مرتين في الأسبوع؟ اختر اليومين. لكل يوم موعده الخاص.
Save and reserve the first game|حفظ وحجز أول لعبة
Weekly regular booking|حجز أسبوعي ثابت
the next week is reserved automatically after this game.|يُحجز الأسبوع التالي تلقائياً بعد هذه اللعبة.
Manage regulars|إدارة الحجوزات الأسبوعية
Repeat every week|تكرار كل أسبوع
Keeps this slot for this player every week until you stop it.|يحتفظ بهذا الموعد لهذا اللاعب كل أسبوع حتى توقفه.
Weekly|أسبوعي
{actor} set up a weekly regular booking: {record}|{actor} أنشأ حجزاً أسبوعياً ثابتاً: {record}
{actor} stopped the weekly regular booking: {record}|{actor} أوقف الحجز الأسبوعي: {record}
Next week was reserved automatically: {record}|حُجز الأسبوع التالي تلقائياً: {record}
{name}, every {day} at {time} on {court}|{name}، كل {day} الساعة {time} على {court}
Choose at least one day of the week.|اختر يوماً واحداً على الأقل من الأسبوع.
This weekly slot is already a regular booking.|هذا الموعد الأسبوعي محجوز مسبقاً كحجز ثابت.
This booking is already a weekly regular booking.|هذا الحجز أسبوعي ثابت بالفعل.
Only an open booking can be repeated every week.|يمكن تكرار الحجز المفتوح فقط كل أسبوع.
There is no upcoming game to cancel.|لا توجد لعبة قادمة لإلغائها.
Monday|الاثنين
Tuesday|الثلاثاء
Wednesday|الأربعاء
Thursday|الخميس
Friday|الجمعة
Saturday|السبت
Sunday|الأحد{court} is booked right now for {name} ({start} – {end}, {status}). If they are here, start it from “Bookings starting now” or choose it under “Link reservation”; otherwise cancel that booking first.|{court} محجوز الآن لـ {name} ({start} – {end}، {status}). إذا كان حاضراً فابدأ الجلسة من «حجوزات تبدأ الآن» أو اختره من «ربط الحجز»؛ وإلا فألغِ ذلك الحجز أولاً.
{court} is booked for {name} at {start} ({status}), within the {minutes}-minute minimum session. Use another court for the walk-in, or move or cancel that booking.|{court} محجوز لـ {name} الساعة {start} ({status})، ضمن الحد الأدنى للجلسة ({minutes} دقيقة). استخدم ملعباً آخر للزبون بدون حجز، أو انقل ذلك الحجز أو ألغِه.
{court} is blocked for maintenance until {end}.|{court} مغلق للصيانة حتى {end}.
Delete this permanently?|حذف نهائياً؟
The category is removed. Its products stay, without a category.|تُحذف الفئة. تبقى منتجاتها بدون فئة.
The product is removed from the products list, cashier and store. If it was ever sold, its past receipts and reports keep it.|يُحذف المنتج من قائمة المنتجات والكاشير والمتجر. إذا كان قد بيع سابقاً، تبقى إيصالاته وتقاريره السابقة.
Deleted.|تم الحذف.
Deleted. Its past sales stay in receipts and reports.|تم الحذف. تبقى مبيعاته السابقة في الإيصالات والتقارير.
Deleted. Its products now have no category.|تم الحذف. أصبحت منتجاتها بدون فئة.
{actor} deleted {thing} “{name}”|{actor} حذف {thing} «{name}»
Delete|حذف
A one-off debt on this name, without an account.|دين لمرة واحدة على هذا الاسم، بدون حساب.
A regular? Pick their name. What they take goes on their account.|زبون دائم؟ اختر اسمه، وكل ما يأخذه يُسجَّل على حسابه.
Account|الحساب
Account opened for {name}.|تم فتح حساب لـ {name}.
Add items|إضافة أغراض
Add to account|أضف إلى الحساب
Add to the account|إضافة إلى الحساب
Added to the account|أُضيف إلى الحساب
Added to {name}’s account.|أُضيف إلى حساب {name}.
All clients|كل الزبائن
Already owes|عليه سابقاً
Amount paid|المبلغ المدفوع
At the cashier, pick their name to open their tab. When they finish, save the bill to their account or let them pay now. They can pay what they owe any time from here.|في الكاشير اختر اسمه لفتح فاتورته. عند الانتهاء احفظ الفاتورة على حسابه أو دعه يدفع الآن. ويمكنه تسديد ما عليه في أي وقت من هنا.
Bills on the account|الفواتير على الحساب
Charged|المسجّل عليه
Choose a client|اختر زبوناً
Choose the client account to save this bill to.|اختر حساب الزبون الذي تُحفظ عليه هذه الفاتورة.
Client|الزبون
Client account|حساب زبون
Client accounts|حسابات الزبائن
Clients|الزبائن
Clients owe us|مستحق لنا على الزبائن
Delete account|حذف الحساب
Edit name and phone|تعديل الاسم والهاتف
For an old balance or anything not rung up at the cashier. Items from the cashier are added by saving the bill to this account.|لرصيد قديم أو أي شيء لم يُسجَّل في الكاشير. أغراض الكاشير تُضاف بحفظ الفاتورة على هذا الحساب.
Goes on their name. They pay whenever they want.|تُسجَّل على اسمه، ويدفع متى شاء.
How is this bill settled?|كيف تُسدَّد هذه الفاتورة؟
Last visit|آخر زيارة
Left|المتبقي
Names stay until you delete them|تبقى الأسماء حتى تحذفها
No clients found.|لا يوجد زبائن مطابقون.
No clients yet.|لا يوجد زبائن بعد.
No payments yet.|لا توجد دفعات بعد.
Nothing has been saved to this account yet.|لم يُحفظ شيء على هذا الحساب بعد.
Nothing is owed in this currency.|لا يوجد مبلغ مستحق بهذه العملة.
Nothing owed|لا شيء عليه
One-time customer: print the receipt, they pay and go.|زبون لمرة واحدة: اطبع الإيصال، يدفع ويذهب.
Only those who owe|من عليهم مبالغ فقط
Open account|فتح الحساب
Open an account|فتح حساب
Open their tab|افتح فاتورته
Owes|عليه
Owes now|عليه الآن
Paid|المدفوع
Paid by card, receipt printed.|دفع بالبطاقة، ويُطبع الإيصال.
Part paid|مدفوع جزئياً
Pay now · card|يدفع الآن · بطاقة
Pay now · cash|يدفع الآن · نقداً
Payment recorded. {name} has paid everything in this currency.|تم تسجيل الدفعة. سدّد {name} كل ما عليه بهذه العملة.
Payment recorded. {name} now owes {amount}.|تم تسجيل الدفعة. على {name} الآن {amount}.
Payments received|الدفعات المستلمة
Regular customers with an account. Save their bills to their name; they pay whenever they want.|الزبائن الدائمون أصحاب الحسابات. احفظ فواتيرهم على أسمائهم، ويدفعون متى شاؤوا.
Save to a client account|حفظ على حساب زبون
Save to {name}’s account|حفظ على حساب {name}
Saved to account|محفوظة على الحساب
Saved.|تم الحفظ.
Show|عرض
Still owes|المتبقي عليه
Tab open now|فاتورته مفتوحة الآن
Take a payment|استلام دفعة
Take payment|استلام دفعة
The name is removed from Clients. Their past bills stay in the receipt archive. An account that still owes money cannot be deleted.|يُحذف الاسم من الزبائن، وتبقى فواتيره السابقة في أرشيف الإيصالات. لا يمكن حذف حساب عليه مبالغ.
They can pay all of it or only part. The money clears their oldest bills first.|يمكنه دفع المبلغ كله أو جزء منه. تُسدَّد أقدم الفواتير أولاً.
This client account no longer exists.|حساب هذا الزبون لم يعد موجوداً.
What is it for?|مقابل ماذا؟
clients owe money|زبائن عليهم مبالغ
of|من
the client account|حساب الزبون
Client account opened|فتح حساب زبون
Client account updated|تعديل حساب زبون
Client account paid|دفعة من حساب زبون
{actor} edited the client account {record}|عدّل {actor} حساب الزبون {record}
{actor} opened a client account for {name}|فتح {actor} حساب زبون لـ {name}
{actor} received {amount} ({method}) from {record}|استلم {actor} مبلغ {amount} ({method}) من {record}
{actor} saved {record} to {name}'s account ({amounts})|حفظ {actor} {record} على حساب {name} ({amounts})
{name} already has an account.|لدى {name} حساب بالفعل.
{name} has an open tab. Close it first.|لدى {name} فاتورة مفتوحة. أغلقها أولاً.
{name} still owes {amount}. Take the payment first, then delete the account.|ما زال على {name} مبلغ {amount}. استلم الدفعة أولاً ثم احذف الحساب.
{name}’s account was deleted. Their past bills stay in the receipt archive.|تم حذف حساب {name}. تبقى فواتيره السابقة في أرشيف الإيصالات.
account|على الحساب
